{"schemaVersion":"1.0","appDefinitionTemplate":{"id":"/providers/Microsoft.PowerApps/apps/","type":"Microsoft.PowerApps/apps","tags":{"primaryDeviceWidth":"1366","primaryDeviceHeight":"768","sienaVersion":"20210503T023217Z-3.21035.35.0","deviceCapabilities":"","supportsPortrait":"false","supportsLandscape":"true","primaryFormFactor":"Tablet","publisherVersion":"3.21035.35","minimumRequiredApiVersion":"2.2.0","hasComponent":"false","hasUnlockedComponent":"false","isUnifiedRootApp":"false"},"properties":{"appVersion":"2021-05-03T02:32:17Z","lifeCycleId":"Published","createdByClientVersion":{"major":3,"minor":21035,"build":35,"revision":0,"majorRevision":0,"minorRevision":0},"minClientVersion":{"major":3,"minor":21035,"build":35,"revision":0,"majorRevision":0,"minorRevision":0},"backgroundColor":"rgba(0, 176, 240, 1)","backgroundImageUri":"/15617851564687001558/N8f0c00ad-cb1b-4692-9818-71a9bc34b2bd-logoSmallFile","displayName":"Responsive Gallery with containers","description":"","commitMessage":"","appUris":{"documentUri":{"value":"/15617851564687001558/Nce89477d-842b-4462-bf56-43e851e9471d-document.msapp"},"imageUris":[]},"createdTime":"0001-01-01T00:00:00Z","lastModifiedTime":"0001-01-01T00:00:00Z","sharedGroupsCount":0,"sharedUsersCount":0,"icons":{"smallIconUri":"/15617851564687001558/Neb6e6b1a-1a64-4562-9a69-c33397afcce8-small.png","mediumIconUri":"/15617851564687001558/Ncd2cf7cc-a364-45ac-bcb6-17ebd7c08fd9-medium.png","largeIconUri":"/15617851564687001558/N5d9114b0-f859-43d5-86ef-bc090a6c46ac-large.png","wideIconUri":"/15617851564687001558/N417dd33b-2c8c-4288-b5e9-5421067dd2df-wide.png"},"connectionReferences":{"0f45ff64-ed80-4e67-8a05-6a602197f8c1":{"id":"5745a338-a18c-4755-aed0-717dbf6ace43","displayName":"SharePoint","iconUri":"https://connectoricons-prod.azureedge.net/releases/v1.0.1463/1.0.1463.2403/sharepointonline/icon.png","dataSources":["Employee onboarding Details"],"dependencies":[],"dependents":[],"parameterHints":{},"isOnPremiseConnection":false,"bypassConsent":false,"dataSets":{"https://kvnteams.sharepoint.com/sites/Practice":{"dataSources":{"Employee onboarding Details":{"tableName":"689546ae-9997-4357-9063-925f9a0f24ad"}}}},"apiTier":"Standard","isCustomApiConnection":false}},"databaseReferences":{},"almMode":"Environment","performanceOptimizationEnabled":true,"canConsumeAppPass":true,"executionRestrictions":{"isTeamsOnly":false,"dataLossPreventionEvaluationResult":{"status":"Compliant","lastEvaluationDate":"2021-04-18T00:42:38.3178827Z","violationDetails":[]}}},"isAppComponentLibrary":false,"appType":"ClassicCanvasApp","appComponents":[]}}